initial_mass,initial_Z,blue_loop_start_age,blue_loop_end_age,calculated_blue_loop_duration,instability_start_age,instability_end_age,calculated_instability_duration
4.6,0.00142,106814651.0,114618608.0,7803957.0,106814651.0,114618608.0,7803957.0
6.1,0.00142,58740687.5,58844523.5,103836.0,58740687.5,58844523.5,103836.0
6.1,0.0142,67886962.5,71412156.3,3525193.8,67886962.5,71412156.3,3525193.8
7.6,0.00142,38359851.7,38378686.5,18834.8,38359851.7,38378686.5,18834.8
7.6,0.0142,42168865.0,44197427.3,2028562.3,42168865.0,44197427.3,2028562.3
9.1,0.00142,27918321.5,27925860.0,7538.5,27918321.5,27925860.0,7538.5
9.1,0.0142,29790530.3,31025984.5,1235454.2,29790530.3,31025984.5,1235454.2
10.6,0.00142,21791318.3,21797980.0,6661.7,21791318.3,21797980.0,6661.7
10.6,0.0142,22516383.0,23632427.2,1116044.2,22516383.0,23632427.2,1116044.2
