initial_Z,initial_mass,blue_loop_crossing_count,blue_loop_duration_yr,blue_loop_start_age,blue_loop_end_age,instability_start_age,instability_end_age,calculated_blue_loop_duration,calculated_instability_duration,run_dir_path
0.00142,4.6,2,7803957.0,106814651.0,114618608.0,106814651.0,114618608.0,7803957.0,7803957.0,MIST_synthetic/run_4.6MSUN_fe-1
0.00142,6.1,2,103836.0,58740687.5,58844523.5,58740687.5,58844523.5,103836.0,103836.0,MIST_synthetic/run_6.1MSUN_fe-1
0.0142,6.1,2,3525193.799999997,67886962.5,71412156.3,67886962.5,71412156.3,3525193.799999997,3525193.799999997,MIST_synthetic/run_6.1MSUN_fe0
0.00142,7.6,2,18834.79999999702,38359851.7,38378686.5,38359851.7,38378686.5,18834.79999999702,18834.79999999702,MIST_synthetic/run_7.6MSUN_fe-1
0.0142,7.6,2,2028562.299999997,42168865.0,44197427.3,42168865.0,44197427.3,2028562.299999997,2028562.299999997,MIST_synthetic/run_7.6MSUN_fe0
0.00142,9.1,2,7538.5,27918321.5,27925860.0,27918321.5,27925860.0,7538.5,7538.5,MIST_synthetic/run_9.1MSUN_fe-1
0.0142,9.1,2,1235454.1999999993,29790530.3,31025984.5,29790530.3,31025984.5,1235454.1999999993,1235454.1999999993,MIST_synthetic/run_9.1MSUN_fe0
0.00142,10.6,2,6661.699999999255,21791318.3,21797980.0,21791318.3,21797980.0,6661.699999999255,6661.699999999255,MIST_synthetic/run_10.6MSUN_fe-1
0.0142,10.6,1,1116044.1999999993,22516383.0,23632427.2,22516383.0,23632427.2,1116044.1999999993,1116044.1999999993,MIST_synthetic/run_10.6MSUN_fe0
