initial_mass,initial_Z,blue_loop_start_age,blue_loop_end_age,calculated_blue_loop_duration,instability_start_age,instability_end_age,calculated_instability_duration
5.0,0.009,110254506.3940746,115003484.37681714,4748977.9827,110254506.3940746,115003484.37681714,4748977.9827
5.0,0.01,112315314.43879417,117110662.71758218,4795348.2788,112315314.43879417,117110662.71758218,4795348.2788
